{
    "x_intercept": -125743.27387550399,
    "Beta_Coefficients": [
        -8.067570037048746e-09,
        1.5326483121365905e-10,
        8.226680205049036e-10,
        -4.035278752891766e-09,
        -1.2404267404601463e-10,
        -1.1438576815031334e-08,
        2.3935575610644976e-10,
        -1.3780364067251934e-11,
        8.498592772968082e-11,
        -2.986862607900925e-09,
        -1.07059240025644e-09,
        -9.256422993488877e-08,
        1.5272165883430273e-09,
        -1.1177510819992172e-07,
        -5.734781425001988e-06,
        2.3020727427921158e-09,
        2.401232603575932e-07,
        -7.353871531862342e-09,
        6.399848374357102e-08,
        -4.0931232905229007e-08,
        4.705900216202603e-09,
        -1.1538541623839753e-06,
        1.905111244464e-08,
        -5.261976490374779e-07,
        -1.540633127178546e-06,
        3.718661965234975e-09,
        1.0711202763747058e-06,
        -6.27171192552079e-05,
        2.802618483505195e-07,
        -6.915021231684485e-09,
        1.5403547530865197e-06,
        0.00016069475430145923,
        -7.167709413077037e-07,
        1.1576277684083043e-07,
        -4.237313718332627e-06,
        1.5846275262138656e-06,
        2.4451685869119712e-06,
        1.0170533430425272e-06,
        1.1797144288850003e-05,
        -1.1933551058847204e-07,
        -6.507951649506672e-07,
        5.654771913711131e-06,
        -4.2029223220661993e-07,
        3.762866260766315e-09,
        -1.8555457518937136e-07,
        -8.19620614184706e-06,
        -1.4588017063725382e-07,
        6.711781689430183e-08,
        -2.9149131255280266e-10,
        -3.411119134304512e-07,
        -1.7931021737985955e-05,
        -1.08315626047937e-07,
        -1.5715014234241014e-07,
        6.963523647297945e-10,
        -9.219502139591763e-11,
        2.705408213835119e-08,
        4.930267494650058e-07,
        -6.132839821310506e-10,
        8.965219722224481e-07,
        -2.8830809175510412e-08,
        -1.1186509000186425e-09,
        -2.8644508270295863e-06,
        -4.868741632140426e-09,
        -5.381766413269188e-09,
        5.813206780023807e-11,
        3.1465733714953293e-06,
        1.510113738965746e-08,
        -2.7567577709123675e-09,
        2.0540432078863932e-10,
        -1.4798251172989931e-12,
        4.343226060802711e-05,
        -7.073983478658881e-07,
        8.881375293948195e-09,
        5.264280811288074e-11,
        -1.782007187566838e-11,
        7.630990560560313e-14,
        6.894317864034761e-05,
        -5.918130638169892e-07,
        1.27127089951529e-08,
        -2.4592746800508676e-12,
        3.870863314175652e-11,
        -1.694099827661764e-13,
        1.9114482977430463e-14
    ],
    "polynomial_degree": 6
}