{
    "x_intercept": -160091.3677787287,
    "Beta_Coefficients": [
        -6.091808273708088e-10,
        -3.4759738455559217e-11,
        4.327292186962099e-09,
        -2.1868095071659826e-10,
        -5.026011490197544e-11,
        -2.9613938504614285e-09,
        2.2834470327649382e-10,
        -9.290354296206267e-13,
        1.5078144580653777e-12,
        -7.9468472576456e-10,
        -9.390220237526422e-10,
        -2.7067218260673427e-08,
        1.3764290670675363e-09,
        -6.681218534350336e-08,
        -1.4860222680814616e-06,
        2.2067033159691805e-09,
        2.2934858083913538e-07,
        -1.0877108338050884e-09,
        1.1897583004198286e-09,
        -7.434457411698171e-09,
        3.5980792370552072e-09,
        -3.162047676254154e-07,
        1.5499081278188044e-08,
        -5.805093563946212e-07,
        -2.6060300139474204e-06,
        2.0675419745410205e-08,
        9.331485167451791e-07,
        -4.1641272265725376e-05,
        2.1692519885378745e-07,
        1.0517611390125568e-08,
        1.4761931859276172e-06,
        0.00015345563326992455,
        -8.39572112406154e-07,
        1.481435649503956e-07,
        -1.9790766913677983e-06,
        4.5988471713188644e-07,
        1.8508628850765678e-06,
        3.216694788218442e-07,
        1.1605745595653092e-05,
        -9.546839486615015e-08,
        2.2753586218162148e-07,
        6.827675179325228e-06,
        -3.3735519789013373e-07,
        4.188218846948331e-09,
        1.5576487338128924e-07,
        1.0517013230631544e-05,
        -2.9436793530760376e-07,
        4.497795517251749e-08,
        -2.2502629775504056e-10,
        -5.535260683901547e-09,
        -9.862177580053603e-08,
        -5.520288501221381e-07,
        -1.4714713316056507e-07,
        8.17500304867487e-10,
        -1.1810153226287853e-10,
        8.809305683000794e-08,
        -1.1572207509780453e-07,
        -2.695670219833115e-09,
        5.355150009297623e-07,
        -1.262112522010402e-09,
        -8.535379882117173e-10,
        -4.438201846219054e-06,
        2.4031656728006775e-08,
        -5.781542293941104e-09,
        4.6950659524063614e-11,
        -5.985898754272502e-06,
        2.1314764785431009e-07,
        -4.805307728667952e-09,
        1.70643297568376e-10,
        -1.4372001003708027e-12,
        2.8049904241108276e-05,
        -2.4869219219343045e-07,
        -5.5459807551676936e-09,
        1.5200506151401607e-10,
        -1.2081456888109016e-11,
        5.844818647546793e-14,
        2.531333760170736e-05,
        4.201192465846587e-07,
        -6.138499952481173e-09,
        2.7183853149024366e-10,
        3.536451461572634e-11,
        -1.990526927279927e-13,
        2.4516923601191765e-14
    ],
    "polynomial_degree": 6
}