{
    "x_intercept": -1761.0513295675757,
    "Beta_Coefficients": [
        6.60322522055024e-07,
        -3.903265513409289e-06,
        1.544801806805172e-06,
        -0.15419121112723436,
        -0.12332118953042281,
        0.0024557371238825075,
        -0.2126569557312056,
        0.009651472745162442,
        0.0012918415854667655,
        7.369312986005016e-05,
        0.0003820301140037139,
        7.454531896238787e-05,
        -0.004665444235947543,
        6.45836571125503e-05,
        -1.168650171797384e-06,
        -0.07222666953675479,
        0.0003656264045510876,
        -3.4669146008794944e-06,
        -4.216526160194563e-07
    ],
    "polynomial_degree": 3
}