{
    "x_intercept": -375494.03236801387,
    "Beta_Coefficients": [
        -8.377246532954907e-09,
        3.84127731519726e-07,
        9.916918840363128e-05,
        -0.0013167988157507117,
        -0.0003566398145484744,
        -0.08418767281621699,
        0.0006327569430777926,
        -0.00013656437594608914,
        0.0005018310326400401,
        -0.006296944021350608,
        0.0022920812784349175,
        -0.004306888235530889,
        0.007004056620040482,
        -0.06618749681289646,
        0.0004991824483049556,
        0.003730777711329331,
        0.4244611678281751,
        -0.0027158798890894588,
        0.00046554860391496126,
        0.004520700699409163,
        0.0534338738999457,
        -0.00029997263351772875,
        0.0089898952392623,
        -0.0013233711543292656,
        9.658664160692966e-06,
        -0.01896450323655294,
        -0.00013780126927756284,
        7.548821050589244e-05,
        -4.662978915114427e-07,
        -0.11805624099849842,
        0.0006583453686259521,
        -0.0004201035696670391,
        2.67766610372673e-06,
        -3.485168434242368e-07,
        3.500270244760628e-07,
        -2.492477153481429e-06,
        -2.255443242102362e-06,
        -4.532711188331984e-06,
        -2.651552004517832e-05,
        1.5083421115846124e-07,
        1.814814211961724e-05,
        -4.46688011676577e-06,
        6.57320585499381e-07,
        -3.73952341314876e-09,
        0.0002796807900124765,
        7.219186245785436e-06,
        6.570847501437965e-08,
        -2.115138066083322e-08,
        1.1879297805855726e-10,
        0.0021478017380870823,
        3.413684815188958e-05,
        -2.8481632606373875e-07,
        1.041561573445534e-07,
        -6.602191035629673e-10,
        6.954432158184226e-11
    ],
    "polynomial_degree": 5
}