{
    "x_intercept": 879.6162740192791,
    "Beta_Coefficients": [
        -1.769261811595974e-11,
        -7.370168618027008e-18,
        -3.4481021290020323e-16,
        3.959017437580319e-17,
        1.8784574217964168e-17,
        3.183495888955216e-16,
        -5.682586331835497e-19,
        3.008169855983855e-17,
        -4.908469475131194e-18,
        7.444382133407168e-15,
        1.467582113285723e-15,
        1.953572838657991e-15,
        8.25799690577205e-17,
        1.9029389651935628e-14,
        1.813208520321319e-13,
        1.2963490355529631e-17,
        -7.193252829676985e-16,
        2.8921563401565006e-14,
        -5.5026162572431845e-15,
        3.0901680097467524e-13,
        8.699820564912872e-14,
        9.908058976828931e-12,
        9.98096494691988e-15,
        1.7653040811501542e-12,
        -2.331668529529634e-13,
        5.625605149344849e-15,
        3.195156757286663e-14,
        1.2344890539845828e-11,
        2.9242765991929355e-11,
        8.177347645822728e-16,
        1.8764946610940705e-14,
        -7.691450200910284e-13,
        1.8507278578249927e-11,
        -3.204554825178347e-12,
        7.2136102501447454e-12,
        2.34261677985529e-12,
        3.0963802869219684e-10,
        5.6980440283656635e-12,
        8.470025428288691e-11,
        9.930048759710584e-09,
        8.44628202627761e-12,
        8.732879661932403e-12,
        1.5816133350614698e-09,
        -2.139143134107247e-10,
        9.688497962288623e-14,
        5.349058442033187e-12,
        -4.433347392412805e-11,
        -1.8404655808964398e-10,
        1.4634865210453045e-12,
        3.5640079352223294e-14,
        2.3105362217737224e-12,
        2.033225055259894e-11,
        -5.636114467797771e-10,
        5.061846893294691e-12,
        -1.5902533215225335e-13,
        4.447413579195492e-11,
        3.511008013444902e-11,
        1.0195007513609998e-09,
        3.3818208685517963e-10,
        3.034466608138519e-10,
        -4.410231037328149e-11,
        4.973860734910123e-10,
        1.0554527248797585e-08,
        -8.919342530557115e-11,
        -4.146809587600783e-12,
        2.2557917589670215e-10,
        1.6666928912627248e-08,
        -4.2941126000798694e-10,
        1.8054975769449629e-12,
        9.857447260987642e-14,
        4.2350939019595865e-12,
        8.007019333857522e-11,
        4.721285455109854e-10,
        -3.2675950699292046e-12,
        9.103409963105229e-14,
        -7.076725882957005e-16,
        1.4084662721485907e-12,
        9.284598108622617e-11,
        5.954426537940907e-09,
        -9.198639998819361e-11,
        7.136199770536851e-13,
        -3.1292303534658735e-15,
        6.740997091098767e-17
    ],
    "polynomial_degree": 6
}