{
    "x_intercept": -315253.85450935987,
    "Beta_Coefficients": [
        3.9796564029315347e-10,
        8.977817142967462e-10,
        -1.4975757755568652e-08,
        1.1397208009875638e-08,
        1.282123489026378e-10,
        3.2049696220473724e-08,
        -3.4867517701852306e-11,
        2.564221481352282e-10,
        3.2368127991679144e-11,
        1.3250081589841854e-09,
        2.6505671180514692e-09,
        1.6834559698932864e-07,
        2.8079048561652086e-11,
        2.0974923111716517e-07,
        1.6138867481937365e-05,
        -2.8422440549973683e-10,
        -3.5956351192549254e-08,
        1.2808768947222453e-07,
        2.371697446071117e-08,
        4.847944259970861e-10,
        1.2955615005153913e-08,
        -1.47620105907239e-06,
        -2.204213971006057e-08,
        1.2544969333490403e-06,
        -5.650446512025816e-05,
        -1.1471030624954215e-07,
        -1.200885702769267e-07,
        0.0001068433142331699,
        5.23359591784802e-07,
        -4.2191471476946045e-07,
        -1.910252153666775e-07,
        -2.4663660699946292e-05,
        -8.368610759737426e-07,
        2.9296721626826557e-07,
        -3.608406676778577e-05,
        8.661172892476945e-08,
        4.309820198460807e-06,
        -3.092305324926369e-06,
        3.4472253226707645e-06,
        -3.667023361758604e-08,
        -1.1349250084030704e-06,
        -1.7300713867185844e-05,
        1.29683907341483e-07,
        5.5195246638227287e-08,
        -5.371085277726356e-06,
        -0.00011126378855024987,
        1.4584187559886745e-06,
        -1.1294132221483803e-07,
        -5.164920819571121e-10,
        -6.734899332066041e-06,
        -0.0004222499642606769,
        5.415660599730782e-06,
        -7.224696669094111e-10,
        8.890366621209966e-10,
        -2.33923626203503e-10,
        5.3337268236752e-07,
        2.5231085951318148e-08,
        -8.147861839309542e-09,
        -8.581332942484376e-07,
        1.2291501701208025e-09,
        -1.6579823570614068e-09,
        -5.875223429749925e-06,
        8.048657190691395e-08,
        -1.906459008643721e-09,
        1.437240215206811e-11,
        -9.185047289632084e-06,
        1.5970083419284038e-07,
        7.572687154598614e-09,
        -6.293666368167896e-11,
        -1.3455919730179573e-11,
        -1.2633840410813514e-05,
        5.966393921191446e-07,
        5.0627692019722596e-08,
        -7.162942500505837e-10,
        2.9751060243005804e-11,
        1.25380076489985e-13,
        -0.0003917409759985156,
        9.44662343129914e-06,
        1.2724936101775004e-07,
        -2.3814978616191486e-09,
        5.9971219897587396e-12,
        -2.34942150267367e-13,
        4.8643422497788786e-14
    ],
    "polynomial_degree": 6
}