{
    "x_intercept": -50899.28084470284,
    "Beta_Coefficients": [
        1.3088493169504133e-27,
        3.259228845406302e-25,
        1.0902942706399606e-24,
        2.1268091658451845e-24,
        -7.968618754070903e-26,
        3.6404472567446143e-26,
        3.3004881434131995e-26,
        -3.33812721593001e-26,
        -5.977808672124002e-29,
        -7.406166362135497e-27,
        -8.859739738377366e-28,
        2.234882471771642e-27,
        6.8623025249450475e-28,
        -4.599949913369645e-28,
        8.788081136019338e-29,
        3.025426352190486e-30,
        -1.6207003489590572e-29,
        -8.916340546021819e-30,
        -3.295237907416024e-30,
        -4.210835140468548e-28,
        -2.795861269123725e-28,
        -5.774629524177787e-28,
        -2.112047363012441e-28,
        -8.229314237543558e-28,
        -2.0112294876050642e-28,
        1.7390567368992337e-28,
        -9.39666093594451e-29,
        -6.243579449939591e-29,
        -2.5007618385430888e-29,
        -5.886173057169812e-31,
        4.549882598999673e-31,
        1.2960375643045492e-31,
        5.8310913020686e-32,
        -8.185774432645261e-34,
        1.685917507642177e-33,
        -2.1636736767640778e-33,
        -4.681964626626497e-33,
        4.89946044352329e-35,
        2.490637493870729e-34,
        -5.078145251798172e-34,
        2.913345197584282e-34,
        -9.610842449780807e-35,
        -1.3616871076681163e-34,
        -3.0092158222495107e-32,
        6.103166664681345e-35,
        -5.830462677286172e-36,
        -5.078288527146653e-36,
        -3.647640647002678e-33,
        -1.8215619642958483e-30,
        1.864334031016932e-35,
        -4.560928445294398e-36,
        -1.993697332635218e-35,
        -1.986801445257094e-33,
        -1.660678702274463e-32,
        4.010433587118023e-32,
        -8.955888683786562e-36,
        -1.048477875091006e-36,
        -3.390136164640801e-34,
        -4.956907255491519e-37,
        -4.041056018827293e-35,
        -1.2421760610479151e-32,
        4.470477423325626e-37,
        -1.0960687537299284e-35,
        -1.2702670955591208e-33,
        -6.0506324780273545e-31,
        4.5285321017004e-38,
        1.9550518612478135e-35,
        -1.2324718055266049e-34,
        -7.513973357924967e-32,
        -3.0735503779262634e-29,
        -4.0795689523405595e-37,
        -2.3422388610530464e-35,
        -3.449011731331582e-34,
        3.845941069034216e-33,
        -2.9509226528488284e-30,
        -1.828096766195727e-27,
        -7.884301484040034e-37,
        -5.039777584029107e-35,
        -3.153962648732542e-33,
        -2.4939840501373603e-32,
        -2.6113156511609054e-30,
        -1.66421475061673e-29,
        4.8302149376903745e-29,
        -2.9830342997143472e-34,
        -1.381547557187357e-34,
        -1.210633812857238e-32,
        -1.2342364711252007e-34,
        -1.4357470098977398e-33,
        -4.151841584592529e-31,
        -1.764681221004101e-36,
        -7.793348090358523e-34,
        -4.942775716940066e-32,
        -1.2726349961402284e-29,
        4.4426122908265495e-36,
        7.0209977609059566e-34,
        -1.6116263630382578e-32,
        -1.0332964099237664e-30,
        -5.671620345561456e-28,
        -2.4749758713119434e-36,
        6.101145790387399e-35,
        3.0848573341994146e-32,
        -6.283741692708691e-32,
        -5.413625365033796e-29,
        -2.546865358248114e-26,
        -1.1104194044788527e-35,
        -6.774541210789799e-34,
        -3.798197591284879e-32,
        -5.745060819141306e-31,
        1.419401244040456e-29,
        -1.24030149672389e-27,
        -1.4677413083719809e-24,
        -1.9238535436998826e-35,
        -1.366709453435014e-33,
        -8.038431190903419e-32,
        -4.986407150062772e-30,
        -2.972099695357625e-29,
        -3.0940563500021274e-27,
        -1.334357509048612e-26,
        4.5248978370577896e-26,
        -1.1968243977353677e-32,
        -1.1024742773414614e-32,
        -3.974585186657964e-31,
        -1.1781117993757022e-32,
        -2.575229704336025e-31,
        -1.5230837815818887e-29,
        -2.895938206603897e-33,
        -2.378871928649447e-31,
        -1.88522678451666e-30,
        -4.614266163027119e-28,
        -1.492150040835688e-34,
        -9.206045052488805e-33,
        -1.1760886917464175e-30,
        -5.820696982005253e-29,
        -1.0522880740556086e-26,
        -6.039026279452242e-36,
        5.763215970489848e-33,
        1.0202225407085143e-30,
        -2.4138404850344518e-29,
        -5.52210983160546e-28,
        -4.0709513610878585e-25,
        -1.145844073973518e-34,
        -4.097949198683673e-33,
        6.727663718242529e-32,
        4.49190033505553e-29,
        -4.1593385681425703e-29,
        -1.784679241134202e-26,
        -1.3971920732214812e-23,
        -2.6915711450042982e-34,
        -1.9292132937537433e-32,
        -1.0742427422956412e-30,
        -5.796043713600306e-29,
        -9.408161720692724e-28,
        2.3843292080559605e-26,
        1.0769029266154492e-24,
        -7.365077904154525e-22,
        -4.132261885083187e-34,
        -3.4907606900613257e-32,
        -2.3136724337005595e-30,
        -1.2020126211451822e-28,
        -7.390699164850868e-27,
        -2.949915940172506e-26,
        -3.0542808536270482e-24,
        -6.686239812664887e-24,
        2.5954770984621e-23,
        -6.536547278505568e-31,
        -6.301742479909629e-31,
        -1.7140970923290864e-29,
        -7.276130454682499e-31,
        -2.1599407944928847e-29,
        -4.7287576589347125e-28,
        -2.653750679308296e-31,
        -2.327877208977823e-29,
        -4.8534431865697115e-28,
        -1.6949402950140074e-26,
        -5.094473618948127e-32,
        -5.952574324477974e-30,
        -4.580821153603689e-28,
        -2.2805170751967748e-27,
        -4.398766211135435e-25,
        -4.002155499394382e-33,
        -4.11058828777625e-31,
        -2.936430237061512e-29,
        -1.6122701693875947e-27,
        -6.567427375092459e-26,
        -5.514535748978865e-24,
        -1.5426594816223695e-33,
        -3.0944704641492243e-32,
        5.544880498202718e-30,
        1.2922930604251744e-27,
        -3.4959970885586567e-26,
        -8.110584516360022e-26,
        -1.6391147075900533e-22,
        -3.2393885412344583e-33,
        -1.9743756730135966e-31,
        -6.350300876313555e-30,
        4.090882146478962e-29,
        5.713652014404255e-26,
        -1.8585612547572638e-25,
        1.2470008961861706e-23,
        -1.5945353349305242e-21,
        -5.658842327418066e-33,
        -4.877151104203675e-31,
        -3.267289162543631e-29,
        -1.5772602978352674e-27,
        -7.890387281672106e-26,
        -1.4205487515892234e-24,
        2.2380972518373546e-23,
        2.273748647076562e-21,
        1.5114437503000735e-23,
        -7.876357681873484e-33,
        -7.720133865132719e-31,
        -6.266967682164678e-29,
        -3.7888878074787445e-27,
        -1.5976652260834948e-25,
        -9.73704947572587e-24,
        -1.9480982660326256e-23,
        -2.0094999373407755e-21,
        1.0634156512841019e-24,
        5.2645090062929434e-24,
        -3.9035666574260503e-29,
        -3.005380696478802e-29,
        -1.0822454629293225e-27,
        -3.588197110569601e-29,
        -1.2535855763025358e-27,
        -2.2945137490836878e-26,
        -1.5715787790185274e-29,
        -1.4488235216549707e-27,
        -4.248589007467047e-26,
        -4.314780922705012e-25,
        -4.31216529805195e-30,
        -5.361249901378813e-28,
        -4.597423522701269e-26,
        -9.216718062666585e-25,
        -1.4139959480987353e-23,
        -7.5780553775677865e-31,
        -1.0551644158097923e-28,
        -1.2204892128578487e-26,
        -8.796037603127598e-25,
        -2.16148413534986e-24,
        -3.047275679336175e-22,
        -8.055437914667375e-32,
        -9.049827698432774e-30,
        -1.0357887905118288e-27,
        -7.927192937551972e-26,
        -1.6780489077441004e-24,
        -6.315078955661061e-23,
