{
    "x_intercept": -467275.0676310783,
    "Beta_Coefficients": [
        -1.9259304563140543e-11,
        3.06397637884197e-10,
        1.493522636062071e-08,
        -8.48659909213878e-09,
        -1.2596114259301993e-11,
        -6.246875540560193e-08,
        1.4978427762387896e-10,
        -9.105534697976749e-11,
        4.929360267105076e-10,
        -2.3534806334558638e-08,
        -2.1794119886715004e-09,
        -5.723702054338649e-07,
        3.779329413821932e-09,
        1.9344993177594817e-08,
        -3.1250141202646066e-05,
        1.2859502175585514e-09,
        1.5117837663043973e-07,
        -4.6208519568593077e-08,
        3.7179158954568156e-07,
        -3.382530360420533e-07,
        -5.353132153025368e-08,
        -1.1163464625579902e-05,
        2.0624915240805922e-08,
        -4.454601443426522e-07,
        -5.5086542572954536e-05,
        -4.02355900778431e-08,
        2.792159201354798e-06,
        7.77935437763692e-05,
        6.56354053013336e-07,
        -3.204301051523963e-07,
        8.639165735344817e-07,
        0.00010143179377150958,
        -1.2083249564673481e-06,
        4.3223113702533014e-07,
        1.7306048119323694e-05,
        -4.430874069775414e-06,
        3.045198861516563e-06,
        -3.890830373222767e-06,
        -1.575779626958059e-06,
        -7.843863557430743e-08,
        -3.39661992407191e-06,
        -1.1785589603569882e-05,
        1.2397371976262194e-07,
        5.5529514756766504e-08,
        -8.852123698906038e-07,
        -6.802920897713217e-05,
        8.278060643972338e-07,
        -8.091648035908607e-08,
        -6.298319234631541e-10,
        -5.5155943140405615e-06,
        -0.0003271009182179743,
        3.7969690285011937e-06,
        -1.1590281379565231e-07,
        1.229186850953734e-09,
        -3.449020136911851e-10,
        9.31308035947779e-07,
        -2.823825937124897e-07,
        -5.2559999084049794e-08,
        1.4522662861248352e-06,
        -8.590207159015146e-10,
        -7.060085011051506e-10,
        -3.5161079488458256e-06,
        -3.730655604962862e-08,
        1.1516266250151852e-09,
        3.432973175050697e-11,
        -1.7199557814830404e-05,
        3.5199142174679283e-07,
        4.810268083226831e-09,
        -6.442354243467722e-11,
        -1.3956343150141642e-11,
        -7.231363319007546e-05,
        1.7867336140929893e-06,
        1.8509937105913696e-08,
        -3.6271247583365107e-10,
        2.0958931248576493e-11,
        1.54678840983071e-13,
        -0.00028746193350431246,
        7.75995054600599e-06,
        8.844268031739817e-08,
        -1.5782644921847406e-09,
        3.1989423078613533e-11,
        -3.119768022890162e-13,
        7.164845999865503e-14
    ],
    "polynomial_degree": 6
}